repo_name,easy_file,hard_file
facebook/buck,src/com/facebook/buck/android/NonPreDexedDexBuildable.java,src/com/facebook/buck/android/AndroidBinaryResourcesGraphEnhancer.java
elBukkit/MagicPlugin,CompatibilityLib/common/src/main/java/com/elmakers/mine/bukkit/mob/GoalType.java,CompatibilityLib/base/src/main/java/com/elmakers/mine/bukkit/utility/platform/base/CompatibilityUtilsBase.java
elBukkit/MagicPlugin,CompatibilityLib/base/src/main/java/com/elmakers/mine/bukkit/utility/platform/base/MobUtilsBase.java,CompatibilityLib/base/src/main/java/com/elmakers/mine/bukkit/utility/platform/base/CompatibilityUtilsBase.java
elBukkit/MagicPlugin,CompatibilityLib/common/src/main/java/com/elmakers/mine/bukkit/utility/platform/CompatibilityUtils.java,CompatibilityLib/base/src/main/java/com/elmakers/mine/bukkit/utility/platform/base/CompatibilityUtilsBase.java
elBukkit/MagicPlugin,MagicAPI/src/main/java/com/elmakers/mine/bukkit/api/entity/EntityData.java,Magic/src/main/java/com/elmakers/mine/bukkit/magic/listener/PlayerController.java
elBukkit/MagicPlugin,MagicAPI/src/main/java/com/elmakers/mine/bukkit/api/entity/EntityData.java,Magic/src/main/java/com/elmakers/mine/bukkit/magic/Mage.java
elBukkit/MagicPlugin,CompatibilityLib/common/src/main/java/com/elmakers/mine/bukkit/utility/platform/MobUtils.java,CompatibilityLib/base/src/main/java/com/elmakers/mine/bukkit/utility/platform/base/CompatibilityUtilsBase.java
Whiley/WhileyCompiler,wyc/src/main/java/wyil/check/FlowTypeCheck.java,wyc/src/main/java/wyil/interpreter/Interpreter.java
hartwigmedical/hmftools,pave/src/main/java/com/hartwig/hmftools/pave/compare/ImpactComparisons.java,pave/src/main/java/com/hartwig/hmftools/pave/HgvsCoding.java
hartwigmedical/hmftools,pave/src/main/java/com/hartwig/hmftools/pave/compare/RefVariantData.java,pave/src/main/java/com/hartwig/hmftools/pave/HgvsCoding.java
hartwigmedical/hmftools,pave/src/main/java/com/hartwig/hmftools/pave/VcfWriter.java,pave/src/main/java/com/hartwig/hmftools/pave/PaveUtils.java
hartwigmedical/hmftools,pave/src/main/java/com/hartwig/hmftools/pave/compare/RefVariantData.java,pave/src/main/java/com/hartwig/hmftools/pave/PaveUtils.java
hartwigmedical/hmftools,pave/src/main/java/com/hartwig/hmftools/pave/VariantImpactBuilder.java,pave/src/main/java/com/hartwig/hmftools/pave/PaveUtils.java
hartwigmedical/hmftools,pave/src/main/java/com/hartwig/hmftools/pave/compare/ImpactComparisons.java,pave/src/main/java/com/hartwig/hmftools/pave/PaveUtils.java
hartwigmedical/hmftools,pave/src/main/java/com/hartwig/hmftools/pave/VariantImpactBuilder.java,pave/src/main/java/com/hartwig/hmftools/pave/HgvsCoding.java
hartwigmedical/hmftools,pave/src/main/java/com/hartwig/hmftools/pave/VcfWriter.java,pave/src/main/java/com/hartwig/hmftools/pave/HgvsCoding.java
tuomount/Open-Realms-of-Stars,src/main/java/org/openRealmOfStars/game/Game.java,src/main/java/org/openRealmOfStars/starMap/StarMap.java
tuomount/Open-Realms-of-Stars,src/main/java/org/openRealmOfStars/game/Game.java,src/main/java/org/openRealmOfStars/player/combat/Combat.java
tuomount/Open-Realms-of-Stars,src/main/java/org/openRealmOfStars/game/Game.java,src/main/java/org/openRealmOfStars/game/States/AITurnView.java
